{
  "left": [
    [
      -13.798828125,
      125.244140625,
      136.845703125,
      48.33984375,
      4.39453125,
      0.3292181193828583
    ],
    [
      -90.087890625,
      45.791015625,
      28.828125,
      48.427734375,
      4.39453125,
      0.3292181193828583
    ],
    [
      72.333984375,
      69.609375,
      71.19140625,
      48.427734375,
      4.39453125,
      0.3292181193828583
    ],
    [
      -6.943359375,
      185.361328125,
      21.09375,
      -58.18359375,
      4.306640625,
      0.3292181193828583
    ]
  ],
  "right": [
    [
      -13.798828125,
      125.244140625,
      136.845703125,
      48.33984375,
      4.39453125,
      0.3292181193828583
    ],
    [
      -90.087890625,
      45.791015625,
      28.828125,
      48.427734375,
      4.39453125,
      0.3292181193828583
    ],
    [
      72.333984375,
      69.609375,
      71.19140625,
      48.427734375,
      4.39453125,
      0.3292181193828583
    ],
    [
      -6.943359375,
      185.361328125,
      21.09375,
      -58.18359375,
      4.306640625,
      0.3292181193828583
    ]
  ]
}